ourFighterId,fullName,sherdogId,sherdogUrl,matchConfidence,matchMethod,verified,notes
2ccab022787c0132,Jose Delano,Jose-Mauro-Delano-177407,https://www.sherdog.com/fighter/Jose-Mauro-Delano-177407,29,review,false,"overlap 1/1, name=false, wt=true, exactName=0/2"
17614fce44112efa,Alice Pereira,Alice-Pereira-433004,https://www.sherdog.com/fighter/Alice-Pereira-433004,39,review,false,"overlap 1/2, name=true, wt=false, exactName=1/1"
bbad8cc98783fae1,Michael Aswell Jr.,AJ-Lani-Jr-43153,https://www.sherdog.com/fighter/AJ-Lani-Jr-43153,0,reject,false,"overlap 0/3, name=false, wt=false, exactName=0/12, viaSurname"
6654318100e87744,Losene Keita,Losene-Keita-287481,https://www.sherdog.com/fighter/Losene-Keita-287481,39,review,false,"overlap 1/1, name=true, wt=false, exactName=1/1"
1a5943119d358e11,Shanelle Dyer,Shanelle-Dyer-333733,https://www.sherdog.com/fighter/Shanelle-Dyer-333733,39,review,false,"overlap 1/1, name=true, wt=false, exactName=1/1"
b93b710e2308d189,SuYoung You,Aaron-Young-498977,https://www.sherdog.com/fighter/Aaron-Young-498977,15,reject,false,"overlap 0/4, name=false, wt=true, exactName=0/12, viaSurname"
531b1735dc9f2f60,Bia Mesquita,Beatriz-Mesquita-451242,https://www.sherdog.com/fighter/Beatriz-Mesquita-451242,14,review,false,"overlap 1/2, name=false, wt=false, exactName=0/1"
837d7b515e82e17f,Alberto Montes,Alberto-Montes-257203,https://www.sherdog.com/fighter/Alberto-Montes-257203,54,review,false,"overlap 1/1, name=true, wt=true, exactName=2/3"
284456a2771843a3,Sumudaerji,,,0,reject,false,no candidates (even by surname)
85a165c98f003923,Ryan Gandra,Ryan-Gandra-404139,https://www.sherdog.com/fighter/Ryan-Gandra-404139,40,review,false,"overlap 0/1, name=true, wt=true, exactName=1/1"
d5208b261a548ced,Jose Daniel Medina,Aaron-Medina-115327,https://www.sherdog.com/fighter/Aaron-Medina-115327,0,reject,false,"overlap 0/4, name=false, wt=false, exactName=0/12, viaSurname"
0dc9571266788e7c,Javier Reyes,Javier-Reyes-182691,https://www.sherdog.com/fighter/Javier-Reyes-182691,54,review,false,"overlap 1/1, name=true, wt=true, exactName=3/5"
eb6ce9814e356bfb,Regina Tarin,Regina-Tarin-396659,https://www.sherdog.com/fighter/Regina-Tarin-396659,39,review,false,"overlap 1/1, name=true, wt=false, exactName=1/1"
c212ca8a9b232259,Damian Pinas,Damian-Pinas-426729,https://www.sherdog.com/fighter/Damian-Pinas-426729,40,review,false,"overlap 0/1, name=true, wt=true, exactName=1/1"
113a883d66bceed8,Jean-Paul Lebosnoyani,JeanPaul-Lebosnoyani-248169,https://www.sherdog.com/fighter/JeanPaul-Lebosnoyani-248169,40,review,false,"overlap 0/1, name=true, wt=true, exactName=1/1"
17bd6cb0ff67ee5d,Gianni Vazquez,Gianni-Vazquez-188217,https://www.sherdog.com/fighter/Gianni-Vazquez-188217,39,review,false,"overlap 1/1, name=true, wt=false, exactName=1/1"
01d2ad4fbc27e632,Yizha,Yizhak-Karadi-450090,https://www.sherdog.com/fighter/Yizhak-Karadi-450090,15,reject,false,"overlap 0/4, name=false, wt=true, exactName=0/1"
5b412ce6464f1c11,Sangwook Kim,Abchan-Khakimov-312877,https://www.sherdog.com/fighter/Abchan-Khakimov-312877,15,reject,false,"overlap 0/1, name=false, wt=true, exactName=0/12, viaSurname"
f3faf6103e5498b1,Sulangrangbo,,,0,reject,false,no candidates (even by surname)
4aef3ff31f0fbef5,Lawrence Lui,Lawrence-Lui-327003,https://www.sherdog.com/fighter/Lawrence-Lui-327003,40,review,false,"overlap 0/1, name=true, wt=true, exactName=1/1"
4e68c7da6bcad57d,Shi Ming,Ming-Shi-257533,https://www.sherdog.com/fighter/Ming-Shi-257533,14,review,false,"overlap 1/2, name=false, wt=false, exactName=0/2"
ffaccfcb6a96eda6,Terrance Saeteurn,Terrance-Saeteurn-317453,https://www.sherdog.com/fighter/Terrance-Saeteurn-317453,39,review,false,"overlap 1/1, name=true, wt=false, exactName=1/1"
d8436984de79cc6e,Ty Miller,Ty-Cole-Miller-360875,https://www.sherdog.com/fighter/Ty-Cole-Miller-360875,29,review,false,"overlap 1/1, name=false, wt=true, exactName=0/8"
36d7983b38d6c225,Allen Frye Jr.,Adilson-Ferreira-Jr-86550,https://www.sherdog.com/fighter/Adilson-Ferreira-Jr-86550,15,reject,false,"overlap 0/1, name=false, wt=true, exactName=0/12, viaSurname"
302c7dcb0fec325e,Ian Machado Garry,Brendan-McGarry-57072,https://www.sherdog.com/fighter/Brendan-McGarry-57072,15,reject,false,"overlap 0/11, name=false, wt=true, exactName=0/12, viaSurname"
69e0fe6cb117835d,Rafael Cerqueira,Raffael-Cerqueira-344561,https://www.sherdog.com/fighter/Raffael-Cerqueira-344561,29,review,false,"overlap 1/1, name=false, wt=true, exactName=0/12, viaSurname"
f8c6211e746d7dd5,ChangHo Lee,Aaron-Lee-304983,https://www.sherdog.com/fighter/Aaron-Lee-304983,0,reject,false,"overlap 0/3, name=false, wt=false, exactName=0/12, viaSurname"
55fc81a9753e8a87,Seokhyeon Ko,,,0,reject,false,no candidates (even by surname)
f38e417c84745f67,JunYong Park,Aaron-Park-45554,https://www.sherdog.com/fighter/Aaron-Park-45554,0,reject,false,"overlap 0/13, name=false, wt=false, exactName=0/12, viaSurname"
14d7083ccbe8c09e,Aoriqileng,,,0,reject,false,no candidates (even by surname)
ada98c070f3899ef,HyunSung Park,Abigail-Parke-477204,https://www.sherdog.com/fighter/Abigail-Parke-477204,15,reject,false,"overlap 0/5, name=false, wt=true, exactName=0/12, viaSurname"
2cc62c24e03e31f1,Khalil Rountree Jr.,AJ-Lani-Jr-43153,https://www.sherdog.com/fighter/AJ-Lani-Jr-43153,0,reject,false,"overlap 0/18, name=false, wt=false, exactName=0/12, viaSurname"
1380bf7bbf61d6f1,Tre'ston Vines,Adam-Caviness-206799,https://www.sherdog.com/fighter/Adam-Caviness-206799,15,reject,false,"overlap 0/1, name=false, wt=true, exactName=0/6, viaSurname"
0340977ba43f8013,JooSang Yoo,Chang-Min-Yoon-321345,https://www.sherdog.com/fighter/Chang-Min-Yoon-321345,15,reject,false,"overlap 0/2, name=false, wt=true, exactName=0/12, viaSurname"
6fb01bd765a34f04,Rodrigo Sezinando,Rodrigo-Sezinando-376658,https://www.sherdog.com/fighter/Rodrigo-Sezinando-376658,39,review,false,"overlap 1/1, name=true, wt=false, exactName=1/1"
34ad7cf2c5f49b2a,Andreas Gustafsson,Andreas-Gustafsson-280041,https://www.sherdog.com/fighter/Andreas-Gustafsson-280041,39,review,false,"overlap 1/2, name=true, wt=false, exactName=1/1"
28006e300df5b0f3,Taiyilake Nueraji,Nueraji-Taiyilake-380968,https://www.sherdog.com/fighter/Nueraji-Taiyilake-380968,29,review,false,"overlap 1/1, name=false, wt=true, exactName=0/1"
38460724e5eca228,Rongzhu,,,0,reject,false,no candidates (even by surname)
9c88a670ebba5427,Eric Nolan,Eric-Nolan-346419,https://www.sherdog.com/fighter/Eric-Nolan-346419,54,review,false,"overlap 1/1, name=true, wt=true, exactName=2/2"
b8ba4f48c57725f9,Rafael Cerquiera,,,0,reject,false,no candidates (even by surname)
37ab9320fc514bf9,Gabe Green,Gabe-Greenberg-18561,https://www.sherdog.com/fighter/Gabe-Greenberg-18561,0,reject,false,"overlap 0/6, name=false, wt=false, exactName=0/1"
be964441477111de,JeongYeong Lee,Aaron-Lee-478128,https://www.sherdog.com/fighter/Aaron-Lee-478128,15,reject,false,"overlap 0/4, name=false, wt=true, exactName=0/12, viaSurname"
a47743ba4ed6cb92,Alatengheili,,,0,reject,false,no candidates (even by surname)
bb1e1ffc193f75f8,Roberto Romero,Roberto-Romero-306595,https://www.sherdog.com/fighter/Roberto-Romero-306595,54,review,false,"overlap 1/2, name=true, wt=true, exactName=2/2"
d0241a094460f6a1,Cortavious Romious,Cortavious-Romious-206845,https://www.sherdog.com/fighter/Cortavious-Romious-206845,39,review,false,"overlap 1/2, name=true, wt=false, exactName=1/1"
c75a488268aa12f7,SeungWoo Choi,Brian-Choi-67174,https://www.sherdog.com/fighter/Brian-Choi-67174,15,reject,false,"overlap 0/11, name=false, wt=true, exactName=0/12, viaSurname"
4fc09af1b39d39ae,AJ Cunningham,Yajaira-Cunningham-346893,https://www.sherdog.com/fighter/Yajaira-Cunningham-346893,0,reject,false,"overlap 0/2, name=false, wt=false, exactName=0/1"
60800421a8c78d84,Yuneisy Duben,Yuneisy-Duben-278389,https://www.sherdog.com/fighter/Yuneisy-Duben-278389,39,review,false,"overlap 1/1, name=true, wt=false, exactName=1/1"
fea9efc9272d4900,Ramazan Temirov,Abdulmuslim-Akhtemirov-273493,https://www.sherdog.com/fighter/Abdulmuslim-Akhtemirov-273493,15,reject,false,"overlap 0/2, name=false, wt=true, exactName=0/12, viaSurname"
5594f32554f40119,Baergeng Jieleyisi,Jieleyisi-Baergeng-284119,https://www.sherdog.com/fighter/Jieleyisi-Baergeng-284119,0,reject,false,"overlap 0/1, name=false, wt=false, exactName=0/1"
a570bb75254429a2,Kiru Sahota,Kierandip-Singh-Sahota-161451,https://www.sherdog.com/fighter/Kierandip-Singh-Sahota-161451,0,reject,false,"overlap 0/1, name=false, wt=false, exactName=0/1"
15799479f3a9eef4,DongHun Choi,Alban-Njomachoi-492766,https://www.sherdog.com/fighter/Alban-Njomachoi-492766,0,reject,false,"overlap 0/1, name=false, wt=false, exactName=0/12, viaSurname"
74b3453b11f32b2f,Feng Xiaocan,Xiaocan-Feng-359353,https://www.sherdog.com/fighter/Xiaocan-Feng-359353,0,reject,false,"overlap 0/1, name=false, wt=false, exactName=0/1"
4675830a8d994d0e,Jon Jones,AJ-Jones-330937,https://www.sherdog.com/fighter/AJ-Jones-330937,15,reject,false,"overlap 0/22, name=false, wt=true, exactName=0/12"
052d911848d69ea8,Zachary Scroggin,Zach-Scroggin-213673,https://www.sherdog.com/fighter/Zach-Scroggin-213673,14,review,false,"overlap 1/1, name=false, wt=false, exactName=0/4, viaSurname"
bebded19c24fef05,Marnic Mann,Marnic-Mann-268753,https://www.sherdog.com/fighter/Marnic-Mann-268753,39,review,false,"overlap 1/2, name=true, wt=false, exactName=1/1"
9921189d16efbd99,Igor Severino,Igor-Severino-321087,https://www.sherdog.com/fighter/Igor-Severino-321087,39,review,false,"overlap 1/1, name=true, wt=false, exactName=1/1"
f3c574f8acb0fd6a,TJ Brown,Abby-Brown-256001,https://www.sherdog.com/fighter/Abby-Brown-256001,15,reject,false,"overlap 0/8, name=false, wt=true, exactName=0/12, viaSurname"
ccd8beaad6c9957f,Alexander Munoz,Bryan-Alexander-Pereira-Munoz-228409,https://www.sherdog.com/fighter/Bryan-Alexander-Pereira-Munoz-228409,0,reject,false,"overlap 0/3, name=false, wt=false, exactName=0/1"
6d436617bea66aac,Orion Cosce,Orion-Cosce-156917,https://www.sherdog.com/fighter/Orion-Cosce-156917,39,review,false,"overlap 1/3, name=true, wt=false, exactName=1/1"
f2d740f911230633,SeungGuk Choi,Alban-Njomachoi-492766,https://www.sherdog.com/fighter/Alban-Njomachoi-492766,0,reject,false,"overlap 0/1, name=false, wt=false, exactName=0/12, viaSurname"
f9c74cd1e12dddf7,Carlos Mota,Carlos-Mota-182629,https://www.sherdog.com/fighter/Carlos-Mota-182629,39,review,false,"overlap 1/1, name=true, wt=false, exactName=2/3"
f363006d45245a2d,Joshua Weems,Joshua-Weems-259641,https://www.sherdog.com/fighter/Joshua-Weems-259641,39,review,false,"overlap 1/1, name=true, wt=false, exactName=1/1"
c1bb91c6b93b4b4f,Aleksei Oleinik,Artem-Oleinik-50205,https://www.sherdog.com/fighter/Artem-Oleinik-50205,15,reject,false,"overlap 0/17, name=false, wt=true, exactName=0/6, viaSurname"
2f2fce589c123f8d,Danyelle Wolf,Danyelle-Wolf-297121,https://www.sherdog.com/fighter/Danyelle-Wolf-297121,39,review,false,"overlap 1/1, name=true, wt=false, exactName=1/1"
ef72a64ec445cd63,Dean Barry,Dean-Barry-264071,https://www.sherdog.com/fighter/Dean-Barry-264071,54,review,false,"overlap 1/1, name=true, wt=true, exactName=2/2"
918a7035bef13acc,Brandon Jenkins,Brandon-Jenkins-177205,https://www.sherdog.com/fighter/Brandon-Jenkins-177205,39,review,false,"overlap 1/2, name=true, wt=false, exactName=1/1"
a5d68f68f0094cd8,Lara Procopio,Alexandre-Procopio-76964,https://www.sherdog.com/fighter/Alexandre-Procopio-76964,0,reject,false,"overlap 0/3, name=false, wt=false, exactName=0/6, viaSurname"
f491e5b61e233295,Antonio Carlos Junior,Adalto-Junior-dos-Santos-142215,https://www.sherdog.com/fighter/Adalto-Junior-dos-Santos-142215,15,reject,false,"overlap 0/13, name=false, wt=true, exactName=0/12, viaSurname"
ed592d591ec76293,Liliya Shakirova,Liliya-Shakirova-255783,https://www.sherdog.com/fighter/Liliya-Shakirova-255783,39,review,false,"overlap 1/1, name=true, wt=false, exactName=1/1"
02e118ad09598e41,Austin Springer,Austin-Springer-41861,https://www.sherdog.com/fighter/Austin-Springer-41861,39,review,false,"overlap 1/1, name=true, wt=false, exactName=1/1"
3297a14934a05841,Saparbeg Safarov,Abakar-Musafarov-382635,https://www.sherdog.com/fighter/Abakar-Musafarov-382635,0,reject,false,"overlap 0/4, name=false, wt=false, exactName=0/12, viaSurname"
98269670ecfcf3c8,Isabela de Padua,Isabela-de-Padua-183333,https://www.sherdog.com/fighter/Isabela-de-Padua-183333,25,reject,false,"overlap 0/1, name=true, wt=false, exactName=1/1"
9de5bcc8270a4fc2,Stevie Ray,Stevie-Ray-124517,https://www.sherdog.com/fighter/Stevie-Ray-124517,25,reject,false,"overlap 0/11, name=true, wt=false, exactName=1/2"
b2236a6ed36c4247,Yoshinori Horie,Yoshinori-Horie-227513,https://www.sherdog.com/fighter/Yoshinori-Horie-227513,39,review,false,"overlap 1/1, name=true, wt=false, exactName=1/1"
4d3a0354742d3a7f,Duda Santana,Duda-Santana-249137,https://www.sherdog.com/fighter/Duda-Santana-249137,39,review,false,"overlap 1/1, name=true, wt=false, exactName=1/2"
52bc5079bd696774,Wulijiburen,,,0,reject,false,no candidates (even by surname)
0ae9758389cd92ab,Justin Frazier,Justin-Frazier-77208,https://www.sherdog.com/fighter/Justin-Frazier-77208,39,review,false,"overlap 1/1, name=true, wt=false, exactName=1/1"
ad99da77d58e5df0,Amanda Cooper,Aaron-Cooper-499433,https://www.sherdog.com/fighter/Aaron-Cooper-499433,0,reject,false,"overlap 0/6, name=false, wt=false, exactName=0/12, viaSurname"
f485a3b0f4fa3f67,Khalid Murtazaliev,Khalid-Murtazaliev-186791,https://www.sherdog.com/fighter/Khalid-Murtazaliev-186791,40,review,false,"overlap 0/1, name=true, wt=true, exactName=1/1"
923329196d8e8d27,Alvaro Herrera Mendoza,Abraham-Mendoza-420375,https://www.sherdog.com/fighter/Abraham-Mendoza-420375,15,reject,false,"overlap 0/4, name=false, wt=true, exactName=0/12, viaSurname"
8d6d07bc0f97f27f,Joe Giannetti,Joe-Giannetti-176087,https://www.sherdog.com/fighter/Joe-Giannetti-176087,39,review,false,"overlap 1/1, name=true, wt=false, exactName=1/1"
1fd8aa134072f767,Jay Cucciniello,Jay-Cucciniello-61607,https://www.sherdog.com/fighter/Jay-Cucciniello-61607,39,review,false,"overlap 1/1, name=true, wt=false, exactName=1/1"
30caf9ec0b4ed158,Dmitry Sosnovskiy,Dmitriy-Sosnovskiy-116389,https://www.sherdog.com/fighter/Dmitriy-Sosnovskiy-116389,29,review,false,"overlap 1/1, name=false, wt=true, exactName=0/1, viaSurname"
87a9174f6b733776,Timothy Johnson,Adam-Johnson-112591,https://www.sherdog.com/fighter/Adam-Johnson-112591,15,reject,false,"overlap 0/7, name=false, wt=true, exactName=0/12, viaSurname"
dcc4c2c6224df893,Maia Stevenson,AJ-Stevenson-412709,https://www.sherdog.com/fighter/AJ-Stevenson-412709,0,reject,false,"overlap 0/1, name=false, wt=false, exactName=0/12, viaSurname"
1fdb82a65230ff57,DeAnna Bennett,DeAnna-Bennett-75456,https://www.sherdog.com/fighter/DeAnna-Bennett-75456,39,review,false,"overlap 1/1, name=true, wt=false, exactName=1/1"
88cf27c235252f3a,Christina Marks,Christina-Marks-49840,https://www.sherdog.com/fighter/Christina-Marks-49840,39,review,false,"overlap 1/1, name=true, wt=false, exactName=1/1"
c324856c56a86032,Karine Gevorgyan,Karine-Gevorgyan-180823,https://www.sherdog.com/fighter/Karine-Gevorgyan-180823,39,review,false,"overlap 1/1, name=true, wt=false, exactName=1/1"
7585b2a944d7fb8f,Ariel Beck,Ariel-Beck-157211,https://www.sherdog.com/fighter/Ariel-Beck-157211,39,review,false,"overlap 1/1, name=true, wt=false, exactName=1/1"
acd17c5aedfb1951,Wang Guan,Guan-Wang-26368,https://www.sherdog.com/fighter/Guan-Wang-26368,29,review,false,"overlap 1/1, name=false, wt=true, exactName=0/3"
975a9cb23f71d3e8,Bharat Kandare,,,0,reject,false,no candidates (even by surname)
4a006f04f6697366,Chan-Mi Jeon,Chanmi-Jeon-128633,https://www.sherdog.com/fighter/Chanmi-Jeon-128633,14,review,false,"overlap 1/2, name=false, wt=false, exactName=0/12, viaSurname"
da5fbda0368aa1c0,Jesse Taylor,Jesse-Taylor-17389,https://www.sherdog.com/fighter/Jesse-Taylor-17389,39,review,false,"overlap 1/2, name=true, wt=false, exactName=2/2"
960e23b76f91b0ed,Cindy Dandois,Cindy-Dandois-42457,https://www.sherdog.com/fighter/Cindy-Dandois-42457,39,review,false,"overlap 1/1, name=true, wt=false, exactName=1/1"
eef9be884f58d6f0,Anna Elmose,Anna-Elmose-162539,https://www.sherdog.com/fighter/Anna-Elmose-162539,39,review,false,"overlap 1/2, name=true, wt=false, exactName=1/1"
524d8b90eeb3f318,Glaico Franca Moreira,Alexandre-Moreira-461808,https://www.sherdog.com/fighter/Alexandre-Moreira-461808,15,reject,false,"overlap 0/3, name=false, wt=true, exactName=0/12, viaSurname"
775f6853893e741b,Leonardo Guimaraes,Leonardo-Guimaraes-14971,https://www.sherdog.com/fighter/Leonardo-Guimaraes-14971,39,review,false,"overlap 1/2, name=true, wt=false, exactName=1/1"
037611e044e3c8e6,Filip Pejic,Filip-Pejic-85664,https://www.sherdog.com/fighter/Filip-Pejic-85664,39,review,false,"overlap 1/1, name=true, wt=false, exactName=1/1"
42678882a0619000,Felipe Olivieri,Felipe-Olivieri-28181,https://www.sherdog.com/fighter/Felipe-Olivieri-28181,39,review,false,"overlap 1/1, name=true, wt=false, exactName=1/1"
507b90cfda9a8a05,Marcio Alexandre Junior,Ackson-Junior-116809,https://www.sherdog.com/fighter/Ackson-Junior-116809,15,reject,false,"overlap 0/3, name=false, wt=true, exactName=0/12, viaSurname"
4193a770ff6837ab,Marcin Wrzosek,Marcin-Wrzosek-85623,https://www.sherdog.com/fighter/Marcin-Wrzosek-85623,39,review,false,"overlap 1/1, name=true, wt=false, exactName=1/1"
fbe7c6a194eda96b,Vernon Ramos Ho,,,0,reject,false,no candidates (even by surname)
4fdd6f3e3dd9902c,Bruno Korea,Bruno-Mesquita-57480,https://www.sherdog.com/fighter/Bruno-Mesquita-57480,14,review,false,"overlap 1/1, name=false, wt=false, exactName=0/1"
20b94b224c81c291,Nazareno Malegarie,Nazareno-Malegarie-33115,https://www.sherdog.com/fighter/Nazareno-Malegarie-33115,39,review,false,"overlap 1/1, name=true, wt=false, exactName=1/1"
bf23549b3bc30a48,Lewis Gonzalez,Lewis-Gonzalez-84278,https://www.sherdog.com/fighter/Lewis-Gonzalez-84278,39,review,false,"overlap 1/1, name=true, wt=false, exactName=1/1"
232cb143e1247e10,Izabela Badurek,Izabela-Badurek-122349,https://www.sherdog.com/fighter/Izabela-Badurek-122349,39,review,false,"overlap 1/1, name=true, wt=false, exactName=1/1"
d3b5582f77dacd49,Marcin Bandel,Marcin-Bandel-55705,https://www.sherdog.com/fighter/Marcin-Bandel-55705,39,review,false,"overlap 1/2, name=true, wt=false, exactName=1/1"
77ac3c914816f075,Robert Peralta,Roberto-Peralta-207217,https://www.sherdog.com/fighter/Roberto-Peralta-207217,0,reject,false,"overlap 0/8, name=false, wt=false, exactName=0/1"
07de33ee3769cdcc,Alex Torres,Alex-Torres-172645,https://www.sherdog.com/fighter/Alex-Torres-172645,54,review,false,"overlap 1/1, name=true, wt=true, exactName=6/12"
d91456a656948a5c,Patrick Walsh,Patrick-Walsh-67971,https://www.sherdog.com/fighter/Patrick-Walsh-67971,39,review,false,"overlap 1/2, name=true, wt=false, exactName=2/2"
e874f11babf130f1,Humberto Brown Morrison,Anthony-Morrison-16722,https://www.sherdog.com/fighter/Anthony-Morrison-16722,15,reject,false,"overlap 0/1, name=false, wt=true, exactName=0/12, viaSurname"
5cc6127687289043,Rodolfo Rubio Perez,Abner-Perez-154797,https://www.sherdog.com/fighter/Abner-Perez-154797,15,reject,false,"overlap 0/1, name=false, wt=true, exactName=0/12, viaSurname"
d4b80d75f956cf62,Dashon Johnson,Dashon-Johnson-120663,https://www.sherdog.com/fighter/Dashon-Johnson-120663,39,review,false,"overlap 1/2, name=true, wt=false, exactName=1/1"
e5bd95666a72b9ba,Jianping Yang,Jianping-Yang-26365,https://www.sherdog.com/fighter/Jianping-Yang-26365,39,review,false,"overlap 1/1, name=true, wt=false, exactName=1/1"
91e20ea31822d4b5,Sai Wang,Sai-Wang-47118,https://www.sherdog.com/fighter/Sai-Wang-47118,39,review,false,"overlap 1/2, name=true, wt=false, exactName=1/1"
69165dfa1837a961,Mike King,Mike-King-50928,https://www.sherdog.com/fighter/Mike-King-50928,54,review,false,"overlap 1/1, name=true, wt=true, exactName=8/11"
da23b62a6c86562d,Tina Lahdemaki,Tina-Lahdemaki-70795,https://www.sherdog.com/fighter/Tina-Lahdemaki-70795,39,review,false,"overlap 1/1, name=true, wt=false, exactName=1/1"
62b00f69b033ed18,Daniel Spohn,Dan-Spohn-39485,https://www.sherdog.com/fighter/Dan-Spohn-39485,29,review,false,"overlap 1/1, name=false, wt=true, exactName=0/6, viaSurname"
3392e27e6e403745,Guilherme Vasconcelos,Guilherme-Vasconcelos-108499,https://www.sherdog.com/fighter/Guilherme-Vasconcelos-108499,39,review,false,"overlap 1/1, name=true, wt=false, exactName=2/2"
76fbe9e91560668f,Robert McDaniel,Robert-McDaniel-168017,https://www.sherdog.com/fighter/Robert-McDaniel-168017,25,reject,false,"overlap 0/3, name=true, wt=false, exactName=1/1"
575da2fb7832f167,Albert Cheng,Albert-Cheng-63422,https://www.sherdog.com/fighter/Albert-Cheng-63422,39,review,false,"overlap 1/1, name=true, wt=false, exactName=1/1"
c3986f75b5d348c1,Will Chope,Will-Chope-69087,https://www.sherdog.com/fighter/Will-Chope-69087,39,review,false,"overlap 1/1, name=true, wt=false, exactName=1/1"
6a0f5c13b1ad0b07,Peggy Morgan,Peggy-Morgan-91565,https://www.sherdog.com/fighter/Peggy-Morgan-91565,39,review,false,"overlap 1/1, name=true, wt=false, exactName=1/1"
f15e584feec105f1,Marcos Vinicius,Marcos-Vinicius-306323,https://www.sherdog.com/fighter/Marcos-Vinicius-306323,40,review,false,"overlap 0/3, name=true, wt=true, exactName=11/12"
d69547d88688bdad,Eddie Mendez,Eddie-Mendez-37421,https://www.sherdog.com/fighter/Eddie-Mendez-37421,54,review,false,"overlap 1/1, name=true, wt=true, exactName=3/3"
ca618f885c2bec6c,TJ Grant,Adam-Grant-187365,https://www.sherdog.com/fighter/Adam-Grant-187365,15,reject,false,"overlap 0/11, name=false, wt=true, exactName=0/12, viaSurname"
05843164172d24e0,Gilbert Smith,Gilbert-Smith-65128,https://www.sherdog.com/fighter/Gilbert-Smith-65128,25,reject,false,"overlap 0/1, name=true, wt=false, exactName=1/1"
0a2d0a59160ea2c8,Collin Hart,Collin-Hart-47991,https://www.sherdog.com/fighter/Collin-Hart-47991,54,review,false,"overlap 1/1, name=true, wt=true, exactName=2/2"
1085b99a6ff86a03,Philip De Fries,Alex-Friesen-335283,https://www.sherdog.com/fighter/Alex-Friesen-335283,0,reject,false,"overlap 0/5, name=false, wt=false, exactName=0/12, viaSurname"
61566fb4a13d4f54,Adam Cella,Adam-Cella-69956,https://www.sherdog.com/fighter/Adam-Cella-69956,39,review,false,"overlap 1/1, name=true, wt=false, exactName=1/1"
d31ea3a020c96cb7,Issei Tamura,Issei-Tamura-34371,https://www.sherdog.com/fighter/Issei-Tamura-34371,39,review,false,"overlap 1/3, name=true, wt=false, exactName=1/1"
f8223ca1dc005f67,Pedro Nobre,Pedro-Nobre-44211,https://www.sherdog.com/fighter/Pedro-Nobre-44211,39,review,false,"overlap 1/1, name=true, wt=false, exactName=1/2"
a928a5f2c9836898,Manuel Rodriguez,Manuel-Rodriguez-46484,https://www.sherdog.com/fighter/Manuel-Rodriguez-46484,39,review,false,"overlap 1/1, name=true, wt=false, exactName=6/12"
55c5fac52148c48d,Brendan Loughnane,Brendan-Loughnane-44417,https://www.sherdog.com/fighter/Brendan-Loughnane-44417,39,review,false,"overlap 1/1, name=true, wt=false, exactName=1/1"
da4c598425a941c1,Anistavio Medeiros,Anistavio-Medeiros-de-Figueiredo-21962,https://www.sherdog.com/fighter/Anistavio-Medeiros-de-Figueiredo-21962,29,review,false,"overlap 1/1, name=false, wt=true, exactName=0/1"
6086e75ea21de66b,Delson Heleno,Delson-Heleno-5434,https://www.sherdog.com/fighter/Delson-Heleno-5434,39,review,false,"overlap 1/1, name=true, wt=false, exactName=1/1"
c80420e9d8906733,John Teixeira,John-Teixeira-44311,https://www.sherdog.com/fighter/John-Teixeira-44311,39,review,false,"overlap 1/1, name=true, wt=false, exactName=1/1"
32b37d92619e082f,Wagner Campos,Wagner-Campos-22197,https://www.sherdog.com/fighter/Wagner-Campos-22197,40,review,false,"overlap 0/1, name=true, wt=true, exactName=1/1"
261079c03d0f7353,Chris Tickle,Chris-Tickle-22955,https://www.sherdog.com/fighter/Chris-Tickle-22955,39,review,false,"overlap 1/1, name=true, wt=false, exactName=1/1"
dc258547cb48c2d2,Chris Saunders,Chris-Saunders-7358,https://www.sherdog.com/fighter/Chris-Saunders-7358,54,review,false,"overlap 1/1, name=true, wt=true, exactName=3/4"
2a51f77860485ce0,TJ O'Brien,Austin-OBrien-401931,https://www.sherdog.com/fighter/Austin-OBrien-401931,15,reject,false,"overlap 0/2, name=false, wt=true, exactName=0/12, viaSurname"
08acec63b0c6d1e5,Javier Vazquez,Javier-Vazquez-511,https://www.sherdog.com/fighter/Javier-Vazquez-511,54,review,false,"overlap 1/1, name=true, wt=true, exactName=4/5"
b2669690044c5a34,Chuck O'Neil,Chuck-ONeil-15855,https://www.sherdog.com/fighter/Chuck-ONeil-15855,39,review,false,"overlap 1/1, name=true, wt=false, exactName=1/1"
2799da97777a2699,Maciej Jewtuszko,Maciej-Jewtuszko-27440,https://www.sherdog.com/fighter/Maciej-Jewtuszko-27440,39,review,false,"overlap 1/1, name=true, wt=false, exactName=1/1"
f5864cf86d31a219,Antonio Banuelos,Antonio-Banuelos-2580,https://www.sherdog.com/fighter/Antonio-Banuelos-2580,39,review,false,"overlap 1/1, name=true, wt=false, exactName=1/1"
82be0f1169bf850a,Aaron Wilkinson,Aaron-Wilkinson-39265,https://www.sherdog.com/fighter/Aaron-Wilkinson-39265,39,review,false,"overlap 1/1, name=true, wt=false, exactName=1/1"
a900ae308efe7f6e,Sako Chivitchian,,,0,reject,false,no candidates (even by surname)
28de9504e826b798,Maiquel Falcao,Maiquel-Falcao-30304,https://www.sherdog.com/fighter/Maiquel-Falcao-30304,39,review,false,"overlap 1/1, name=true, wt=false, exactName=1/1"
4482c9c96cd0a69d,Alexandre Ferreira,Alexandre-Ferreira-1398,https://www.sherdog.com/fighter/Alexandre-Ferreira-1398,54,review,false,"overlap 1/1, name=true, wt=true, exactName=4/9"
5e561206c782b18c,Vinicius Queiroz,Vinicius-Kappke-de-Queiroz-48631,https://www.sherdog.com/fighter/Vinicius-Kappke-de-Queiroz-48631,29,review,false,"overlap 1/1, name=false, wt=true, exactName=0/1"
66aa42e49f895937,Julio Paulino,Julio-Paulino-18106,https://www.sherdog.com/fighter/Julio-Paulino-18106,39,review,false,"overlap 1/2, name=true, wt=false, exactName=1/1"
91d14a73903d4035,Jamie Yager,Jamie-Yager-42309,https://www.sherdog.com/fighter/Jamie-Yager-42309,39,review,false,"overlap 1/1, name=true, wt=false, exactName=1/1"
cd30ca5d9e53009c,James Hammortree,James-Hammortree-42479,https://www.sherdog.com/fighter/James-Hammortree-42479,39,review,false,"overlap 1/1, name=true, wt=false, exactName=1/1"
926355dc621555bb,Jay Silva,Jay-Silva-34408,https://www.sherdog.com/fighter/Jay-Silva-34408,39,review,false,"overlap 1/2, name=true, wt=false, exactName=1/2"
e5b8e4d509d21071,Marcus Jones,Marcus-Jones-25912,https://www.sherdog.com/fighter/Marcus-Jones-25912,54,review,false,"overlap 1/1, name=true, wt=true, exactName=3/4"
e79cd2054eb3700d,Rolando Delgado,Abiel-Delgado-407775,https://www.sherdog.com/fighter/Abiel-Delgado-407775,15,reject,false,"overlap 0/3, name=false, wt=true, exactName=0/12, viaSurname"
b2e79264d6377469,Dan Cramer,Dan-Cramer-42310,https://www.sherdog.com/fighter/Dan-Cramer-42310,39,review,false,"overlap 1/2, name=true, wt=false, exactName=1/1"
5f0f377b25b5f9d3,Danillo Villefort,Danillo-Villefort-13093,https://www.sherdog.com/fighter/Danillo-Villefort-13093,39,review,false,"overlap 1/1, name=true, wt=false, exactName=1/1"
56172b61dffdf5aa,Cameron Dollar,Cameron-Dollar-25531,https://www.sherdog.com/fighter/Cameron-Dollar-25531,39,review,false,"overlap 1/1, name=true, wt=false, exactName=1/1"
14a27b01c7d764db,Jesse Sanders,Jesse-Sanders-16098,https://www.sherdog.com/fighter/Jesse-Sanders-16098,54,review,false,"overlap 1/1, name=true, wt=true, exactName=2/3"
0c25c1c37f80eab6,Derek Downey,Derek-Downey-12234,https://www.sherdog.com/fighter/Derek-Downey-12234,54,review,false,"overlap 1/1, name=true, wt=true, exactName=2/2"
7b32f442d07ca665,Tom Egan,Tom-Egan-29690,https://www.sherdog.com/fighter/Tom-Egan-29690,39,review,false,"overlap 1/1, name=true, wt=false, exactName=1/1"
f9b21839940e19fa,Ivan Serati,Ivan-Serati-16300,https://www.sherdog.com/fighter/Ivan-Serati-16300,39,review,false,"overlap 1/1, name=true, wt=false, exactName=1/1"
b1d0acae35da0cb4,Shane Primm,Shane-Primm-18304,https://www.sherdog.com/fighter/Shane-Primm-18304,39,review,false,"overlap 1/1, name=true, wt=false, exactName=1/2"
3d38d2739d3b6a6d,Jules Bruchez,Jules-Bruchez-41539,https://www.sherdog.com/fighter/Jules-Bruchez-41539,39,review,false,"overlap 1/1, name=true, wt=false, exactName=1/1"
cb6bfcfa1a70d622,John Polakowski,John-Polakowski-9512,https://www.sherdog.com/fighter/John-Polakowski-9512,40,review,false,"overlap 0/1, name=true, wt=true, exactName=1/1"
9820ab70f70ae916,David Baron,David-Baron-2860,https://www.sherdog.com/fighter/David-Baron-2860,39,review,false,"overlap 1/1, name=true, wt=false, exactName=1/1"
ac60aa6bb95d453a,Cale Yarbrough,Cale-Yarbrough-34073,https://www.sherdog.com/fighter/Cale-Yarbrough-34073,39,review,false,"overlap 1/1, name=true, wt=false, exactName=1/1"
82fa166889c979a2,Dante Rivera,Dante-Rivera-5746,https://www.sherdog.com/fighter/Dante-Rivera-5746,25,reject,false,"overlap 0/1, name=true, wt=false, exactName=1/1"
afd7681b6a57d93f,War Machine,Leonardo-Colmenares-413202,https://www.sherdog.com/fighter/Leonardo-Colmenares-413202,15,reject,false,"overlap 0/2, name=false, wt=true, exactName=0/12"
9a1046f8aabd1881,Ryan Roberts,Ryan-Roberts-19761,https://www.sherdog.com/fighter/Ryan-Roberts-19761,39,review,false,"overlap 1/1, name=true, wt=false, exactName=2/4"
03d7febd24aa8881,Jeff Cox,Jeff-Cox-9785,https://www.sherdog.com/fighter/Jeff-Cox-9785,54,review,false,"overlap 1/2, name=true, wt=true, exactName=2/2"
2a340e32de142459,James Lee,James-Lee-2224,https://www.sherdog.com/fighter/James-Lee-2224,54,review,false,"overlap 1/1, name=true, wt=true, exactName=2/6"
50077173c9779a5d,Jared Rollins,Jared-Rollins-5781,https://www.sherdog.com/fighter/Jared-Rollins-5781,39,review,false,"overlap 1/1, name=true, wt=false, exactName=1/1"
06701b848ff7682e,Billy Miles,Billy-Miles-8845,https://www.sherdog.com/fighter/Billy-Miles-8845,39,review,false,"overlap 1/1, name=true, wt=false, exactName=1/1"
c62ef4e7917b0072,Dan Barrera,Daniel-Barrera-23762,https://www.sherdog.com/fighter/Daniel-Barrera-23762,29,review,false,"overlap 1/1, name=false, wt=true, exactName=0/2"
49b09e6d8e446926,Richie Hightower,Richie-Hightower-10346,https://www.sherdog.com/fighter/Richie-Hightower-10346,39,review,false,"overlap 1/1, name=true, wt=false, exactName=1/1"
e03ab28320840e24,John Kolosci,John-Kolosci-9062,https://www.sherdog.com/fighter/John-Kolosci-9062,39,review,false,"overlap 1/1, name=true, wt=false, exactName=1/1"
b45157cb3102b48f,Dorian Price,Dorian-Price-9786,https://www.sherdog.com/fighter/Dorian-Price-9786,39,review,false,"overlap 1/1, name=true, wt=false, exactName=1/1"
5eebfbdad05faf85,Paul Georgieff,Paul-Georgieff-11408,https://www.sherdog.com/fighter/Paul-Georgieff-11408,39,review,false,"overlap 1/1, name=true, wt=false, exactName=1/1"
49e0c29a38df2e7c,Brandon Melendez,Brandon-Melendez-10515,https://www.sherdog.com/fighter/Brandon-Melendez-10515,39,review,false,"overlap 1/1, name=true, wt=false, exactName=2/2"
0b92c522f2a42939,Stevie Lynch,Blake-Lynch-409073,https://www.sherdog.com/fighter/Blake-Lynch-409073,15,reject,false,"overlap 0/1, name=false, wt=true, exactName=0/12, viaSurname"
2e11dad3af23bd50,Sherman Pendergarst,Sherman-Pendergarst-12854,https://www.sherdog.com/fighter/Sherman-Pendergarst-12854,39,review,false,"overlap 1/1, name=true, wt=false, exactName=1/1"
d16f2221f2a59541,Josh Shockman,,,0,reject,false,no candidates (even by surname)
2fce97237a0e8bbe,Justin James,Justin-James-1926,https://www.sherdog.com/fighter/Justin-James-1926,54,review,false,"overlap 1/1, name=true, wt=true, exactName=2/2"
642b491fe9dba7c3,Mario Neto,Mario-Neto-1950,https://www.sherdog.com/fighter/Mario-Neto-1950,54,review,false,"overlap 1/1, name=true, wt=true, exactName=3/3"
440515ce870ec7ee,Yuki Sasaki,Yuki-Sasaki-1255,https://www.sherdog.com/fighter/Yuki-Sasaki-1255,54,review,false,"overlap 1/1, name=true, wt=true, exactName=3/6"
3a7557ffe749c36c,Sammy Morgan,Amanda-WilcoxenMorgan-50020,https://www.sherdog.com/fighter/Amanda-WilcoxenMorgan-50020,15,reject,false,"overlap 0/2, name=false, wt=true, exactName=0/12, viaSurname"
8d00db54048cba12,Joe Jordan,Joe-Jordan-4582,https://www.sherdog.com/fighter/Joe-Jordan-4582,39,review,false,"overlap 1/1, name=true, wt=false, exactName=1/1"
2d66bd526b3ff329,Steve Vigneault,Steve-Vigneault-900,https://www.sherdog.com/fighter/Steve-Vigneault-900,39,review,false,"overlap 1/1, name=true, wt=false, exactName=1/1"
ccc72af40e7c275d,Tom Murphy,Tom-Murphy-12284,https://www.sherdog.com/fighter/Tom-Murphy-12284,39,review,false,"overlap 1/1, name=true, wt=false, exactName=1/2"
e87ffcde4046f4be,Mike Whitehead,Mike-Whitehead-4397,https://www.sherdog.com/fighter/Mike-Whitehead-4397,39,review,false,"overlap 1/1, name=true, wt=false, exactName=2/2"
0b1bc18699357add,John Marsh,John-Marsh-9,https://www.sherdog.com/fighter/John-Marsh-9,54,review,false,"overlap 1/1, name=true, wt=true, exactName=2/6"
47d779dd9466eecf,Bobby Southworth,Bobby-Southworth-551,https://www.sherdog.com/fighter/Bobby-Southworth-551,39,review,false,"overlap 1/1, name=true, wt=false, exactName=1/1"
e93a0fa51078a040,Chris Liguori,Chris-Liguori-4102,https://www.sherdog.com/fighter/Chris-Liguori-4102,39,review,false,"overlap 1/1, name=true, wt=false, exactName=1/1"
6bf38d18da8ce676,Richard Crunkilton,Rich-Crunkilton-1542,https://www.sherdog.com/fighter/Rich-Crunkilton-1542,29,review,false,"overlap 1/1, name=false, wt=true, exactName=0/2, viaSurname"
d599b549573e7a24,Leigh Remedios,Leigh-Remedios-3071,https://www.sherdog.com/fighter/Leigh-Remedios-3071,39,review,false,"overlap 1/1, name=true, wt=false, exactName=1/1"
ef79849048f87bcb,James Zikic,James-Zikic-1767,https://www.sherdog.com/fighter/James-Zikic-1767,39,review,false,"overlap 1/1, name=true, wt=false, exactName=1/1"
e532096f9b635d5b,Joao Pierini,Joao-Marcos-Pierini-2490,https://www.sherdog.com/fighter/Joao-Marcos-Pierini-2490,14,review,false,"overlap 1/1, name=false, wt=false, exactName=0/1"
ee96f46658c17012,Tsuyoshi Kohsaka,,,0,reject,false,no candidates (even by surname)
44da320025d42f61,Paul Creighton,Paul-Creighton-4441,https://www.sherdog.com/fighter/Paul-Creighton-4441,40,review,false,"overlap 0/1, name=true, wt=true, exactName=1/1"
8a9659fb11d5272e,Paul Rodriguez,Paul-Rodriguez-1332,https://www.sherdog.com/fighter/Paul-Rodriguez-1332,39,review,false,"overlap 1/1, name=true, wt=false, exactName=3/5"
99c740ec3099ad58,Joey Gilbert,Joey-Gilbert-1306,https://www.sherdog.com/fighter/Joey-Gilbert-1306,40,review,false,"overlap 0/1, name=true, wt=true, exactName=1/1"
8e60b1d80578c911,Mark Robinson,Mark-Robinson-280,https://www.sherdog.com/fighter/Mark-Robinson-280,39,review,false,"overlap 1/1, name=true, wt=false, exactName=4/4"
ed586215c8c15d19,Alex Stiebling,Alex-Stiebling-269,https://www.sherdog.com/fighter/Alex-Stiebling-269,39,review,false,"overlap 1/1, name=true, wt=false, exactName=1/1"
c0f32f7566e69e83,Tyrone Roberts,Tyrone-Roberts-260,https://www.sherdog.com/fighter/Tyrone-Roberts-260,39,review,false,"overlap 1/1, name=true, wt=false, exactName=1/1"
0b281db613f8a2b9,Alex Andrade,Alex-Andrade-258,https://www.sherdog.com/fighter/Alex-Andrade-258,39,review,false,"overlap 1/1, name=true, wt=false, exactName=2/5"
a3c036032045668e,Joao Roque,Joao-Roque-256,https://www.sherdog.com/fighter/Joao-Roque-256,39,review,false,"overlap 1/1, name=true, wt=false, exactName=2/2"
a254e9e3dab2b948,Adrian Serrano,Adrian-Serrano-254,https://www.sherdog.com/fighter/Adrian-Serrano-254,39,review,false,"overlap 1/1, name=true, wt=false, exactName=1/1"
d1b26ff7aea4d08e,Sanae Kikuta,Sanae-Kikuta-252,https://www.sherdog.com/fighter/Sanae-Kikuta-252,39,review,false,"overlap 1/1, name=true, wt=false, exactName=1/1"
897dcab3ab1c83c0,Satoshi Honma,Satoshi-Honma-251,https://www.sherdog.com/fighter/Satoshi-Honma-251,39,review,false,"overlap 1/1, name=true, wt=false, exactName=1/1"
bec053c0a1282d6c,Ikuhisa Minowa,Ikuhisa-Minowa-250,https://www.sherdog.com/fighter/Ikuhisa-Minowa-250,39,review,false,"overlap 1/1, name=true, wt=false, exactName=1/1"
783d293d0359b8a9,Bob Cook,Bob-Cook-244,https://www.sherdog.com/fighter/Bob-Cook-244,39,review,false,"overlap 1/1, name=true, wt=false, exactName=2/3"
1c6ae6719bca3531,David Velasquez,David-Velasquez-243,https://www.sherdog.com/fighter/David-Velasquez-243,39,review,false,"overlap 1/1, name=true, wt=false, exactName=3/4"
2f9958bf1a532a4a,Scott Adams,Scott-Adams-241,https://www.sherdog.com/fighter/Scott-Adams-241,54,review,false,"overlap 1/1, name=true, wt=true, exactName=2/2"
da6d9715cf426db6,Keiichiro Yamamiya,Keiichiro-Yamamiya-237,https://www.sherdog.com/fighter/Keiichiro-Yamamiya-237,39,review,false,"overlap 1/1, name=true, wt=false, exactName=1/1"
47a924c024207232,Masutatsu Yano,Masutatsu-Yano-235,https://www.sherdog.com/fighter/Masutatsu-Yano-235,39,review,false,"overlap 1/1, name=true, wt=false, exactName=1/1"
b486d372b1d93471,Lowell Anderson,Lowell-Anderson-231,https://www.sherdog.com/fighter/Lowell-Anderson-231,39,review,false,"overlap 1/1, name=true, wt=false, exactName=1/1"
71b496f777f624b7,Alfonso Alcarez,Alfonso-Alcarez-229,https://www.sherdog.com/fighter/Alfonso-Alcarez-229,39,review,false,"overlap 1/1, name=true, wt=false, exactName=1/1"
c7cfcf8d681d1ef6,Flavio Luiz Moura,Flavio-Luiz-Moura-225,https://www.sherdog.com/fighter/Flavio-Luiz-Moura-225,39,review,false,"overlap 1/1, name=true, wt=false, exactName=1/1"
25b3bef60034ca70,Bas Rutten,Bas-Rutten-214,https://www.sherdog.com/fighter/Bas-Rutten-214,39,review,false,"overlap 1/2, name=true, wt=false, exactName=1/1"
8de3066830790f4a,Tony Petarra,Tony-Petarra-221,https://www.sherdog.com/fighter/Tony-Petarra-221,39,review,false,"overlap 1/1, name=true, wt=false, exactName=1/1"
8a80c46ec39c126e,Marcelo Mello,Marcelo-Mello-219,https://www.sherdog.com/fighter/Marcelo-Mello-219,25,reject,false,"overlap 0/1, name=true, wt=false, exactName=1/1"
543a6a7b8ec5cfff,David Roberts,David-Roberts-468857,https://www.sherdog.com/fighter/David-Roberts-468857,40,review,false,"overlap 0/1, name=true, wt=true, exactName=4/4"
fe39ebf603c10485,Chris Condo,Chris-Condo-287,https://www.sherdog.com/fighter/Chris-Condo-287,39,review,false,"overlap 1/1, name=true, wt=false, exactName=1/1"
503b8aa93c75d4f0,Joey Roberts,Joey-Roberts-1629,https://www.sherdog.com/fighter/Joey-Roberts-1629,39,review,false,"overlap 1/1, name=true, wt=false, exactName=3/3"
cf729bbcf02a9dc3,Jorge Patino,Jorge-Patino-1015,https://www.sherdog.com/fighter/Jorge-Patino-1015,39,review,false,"overlap 1/1, name=true, wt=false, exactName=2/2"
a0ebc2f00fd9ee41,Darrel Gholar,Darrell-Gholar-213,https://www.sherdog.com/fighter/Darrell-Gholar-213,14,review,false,"overlap 1/1, name=false, wt=false, exactName=0/1"
78a38cf6a8fe28a9,Frank Caracci,Frank-Caracci-211,https://www.sherdog.com/fighter/Frank-Caracci-211,39,review,false,"overlap 1/1, name=true, wt=false, exactName=1/1"
e988aa0179f57351,John Lober,John-Lober-210,https://www.sherdog.com/fighter/John-Lober-210,39,review,false,"overlap 1/1, name=true, wt=false, exactName=1/1"
8c53b01d0eb29352,Ebenezer Fontes Braga,Ebenezer-Fontes-Braga-207,https://www.sherdog.com/fighter/Ebenezer-Fontes-Braga-207,39,review,false,"overlap 1/1, name=true, wt=false, exactName=1/1"
c43533944ecfaef4,Adriano Santos,Adriano-Santos-206,https://www.sherdog.com/fighter/Adriano-Santos-206,39,review,false,"overlap 1/1, name=true, wt=false, exactName=5/10"
093cb472e1d364a8,Cesar Marscucci,,,0,reject,false,no candidates (even by surname)
21f68e88d7e87556,Paulo Santos,Paulo-Santos-204,https://www.sherdog.com/fighter/Paulo-Santos-204,25,reject,false,"overlap 0/1, name=true, wt=false, exactName=1/12"
3667837136d46076,Bob Gilstrap,Bob-Gilstrap-197,https://www.sherdog.com/fighter/Bob-Gilstrap-197,39,review,false,"overlap 1/1, name=true, wt=false, exactName=1/1"
3089a3ef45279576,Allan Goes,Allan-Goes-196,https://www.sherdog.com/fighter/Allan-Goes-196,39,review,false,"overlap 1/1, name=true, wt=false, exactName=1/1"
591d7025c953cda2,Noe Hernandez,Noe-Hernandez-193,https://www.sherdog.com/fighter/Noe-Hernandez-193,39,review,false,"overlap 1/1, name=true, wt=false, exactName=1/3"
6528c9f1f09978fa,Eugenio Tadeu,Eugenio-Tadeu-187,https://www.sherdog.com/fighter/Eugenio-Tadeu-187,39,review,false,"overlap 1/1, name=true, wt=false, exactName=1/1"
cb20509265646fef,Courtney Turner,Courtney-Turner-285,https://www.sherdog.com/fighter/Courtney-Turner-285,39,review,false,"overlap 1/1, name=true, wt=false, exactName=1/1"
b39d39f33e8a3c44,Josh Stuart,Josh-Stuart-185,https://www.sherdog.com/fighter/Josh-Stuart-185,39,review,false,"overlap 1/1, name=true, wt=false, exactName=1/2"
8e102b206c7fad33,Kazushi Sakuraba,Kazushi-Sakuraba-84,https://www.sherdog.com/fighter/Kazushi-Sakuraba-84,39,review,false,"overlap 1/1, name=true, wt=false, exactName=1/1"
1195fd3afb30e25f,Marcus Silveira,Marcus-Silveira-183,https://www.sherdog.com/fighter/Marcus-Silveira-183,39,review,false,"overlap 1/1, name=true, wt=false, exactName=1/2"
c805123f8f27cc98,Houston Dorr,Houston-Dorr-178,https://www.sherdog.com/fighter/Houston-Dorr-178,39,review,false,"overlap 1/1, name=true, wt=false, exactName=1/1"
8a49f7f9ae332cb1,Todd Butler,Todd-Butler-173,https://www.sherdog.com/fighter/Todd-Butler-173,39,review,false,"overlap 1/1, name=true, wt=false, exactName=1/1"
ab3d010ba412cb59,Yuri Vaulin,Yuri-Vaulin-171,https://www.sherdog.com/fighter/Yuri-Vaulin-171,39,review,false,"overlap 1/1, name=true, wt=false, exactName=1/1"
dfc390611b0777c0,Donnie Chappell,Donnie-Chappell-169,https://www.sherdog.com/fighter/Donnie-Chappell-169,39,review,false,"overlap 1/1, name=true, wt=false, exactName=1/1"
f86e9e42d5b5f3bf,Tony Halme,Tony-Halme-167,https://www.sherdog.com/fighter/Tony-Halme-167,39,review,false,"overlap 1/1, name=true, wt=false, exactName=1/1"
1800b348dccaa0d4,Enson Inoue,Enson-Inoue-12,https://www.sherdog.com/fighter/Enson-Inoue-12,39,review,false,"overlap 1/1, name=true, wt=false, exactName=1/1"
728fd0ec223fdd16,Christophe Leninger,,,0,reject,false,no candidates (even by surname)
149f83581f2d4ea3,Saeed Hosseini,Saeed-Hosseini-160,https://www.sherdog.com/fighter/Saeed-Hosseini-160,39,review,false,"overlap 1/1, name=true, wt=false, exactName=1/1"
9cfc4c68e6247961,Wes Albritton,Wes-Albritton-159,https://www.sherdog.com/fighter/Wes-Albritton-159,39,review,false,"overlap 1/1, name=true, wt=false, exactName=1/1"
dd562549c585e659,Jim Mullen,Jim-Mullen-155,https://www.sherdog.com/fighter/Jim-Mullen-155,54,review,false,"overlap 1/1, name=true, wt=true, exactName=2/2"
59cac7181d8f2881,Yoshiki Takahashi,Kazuo-Takahashi-153,https://www.sherdog.com/fighter/Kazuo-Takahashi-153,14,review,false,"overlap 1/1, name=false, wt=false, exactName=0/1"
85a06e7f9428a1df,Wallid Ismail,Wallid-Ismail-154,https://www.sherdog.com/fighter/Wallid-Ismail-154,25,reject,false,"overlap 0/1, name=true, wt=false, exactName=1/1"
23b10ed7e11f00c5,Rainy Martinez,Rainy-Martinez-152,https://www.sherdog.com/fighter/Rainy-Martinez-152,39,review,false,"overlap 1/1, name=true, wt=false, exactName=1/1"
728b29a05f0d298e,Justin Martin,Justin-Martin-150,https://www.sherdog.com/fighter/Justin-Martin-150,39,review,false,"overlap 1/1, name=true, wt=false, exactName=3/6"
b07bac2d1a22f19b,Jackie Lee,Jackie-Lee-149,https://www.sherdog.com/fighter/Jackie-Lee-149,39,review,false,"overlap 1/1, name=true, wt=false, exactName=1/1"
09612a2fccc5b05c,Felix Lee Mitchell,Aaron-Mitchell-83775,https://www.sherdog.com/fighter/Aaron-Mitchell-83775,0,reject,false,"overlap 0/3, name=false, wt=false, exactName=0/12, viaSurname"
604ef12669f235fd,Fabio Gurgel,Fabio-Gurgel-146,https://www.sherdog.com/fighter/Fabio-Gurgel-146,39,review,false,"overlap 1/1, name=true, wt=false, exactName=1/1"
790033995782b329,Reza Nasri,Reza-Nasri-145,https://www.sherdog.com/fighter/Reza-Nasri-145,39,review,false,"overlap 1/1, name=true, wt=false, exactName=1/1"
128ca865d37ba2c6,Julian Sanchez,Julian-Sanchez-144,https://www.sherdog.com/fighter/Julian-Sanchez-144,39,review,false,"overlap 1/1, name=true, wt=false, exactName=3/5"
1c38e02a2c35e013,Dave Berry,Dave-Berry-143,https://www.sherdog.com/fighter/Dave-Berry-143,39,review,false,"overlap 1/1, name=true, wt=false, exactName=1/1"
580ae2e18e218bf5,John Campetella,John-Campetella-140,https://www.sherdog.com/fighter/John-Campetella-140,39,review,false,"overlap 1/1, name=true, wt=false, exactName=1/1"
e35fd47220b6355b,Scott Fiedler,Scott-Fiedler-138,https://www.sherdog.com/fighter/Scott-Fiedler-138,39,review,false,"overlap 1/1, name=true, wt=false, exactName=1/1"
f9e736be7a2f7bd6,Geza Kalman,Geza-Kalman-115,https://www.sherdog.com/fighter/Geza-Kalman-115,39,review,false,"overlap 1/2, name=true, wt=false, exactName=1/1"
9a3a6c003cc7bb3b,Dieusel Berto,Aaron-Alberton-106735,https://www.sherdog.com/fighter/Aaron-Alberton-106735,0,reject,false,"overlap 0/1, name=false, wt=false, exactName=0/12, viaSurname"
0904ae249ff2c1ee,Koji Kitao,Koji-Kitao-134,https://www.sherdog.com/fighter/Koji-Kitao-134,39,review,false,"overlap 1/1, name=true, wt=false, exactName=1/1"
db3bb7e872877d90,Mark Schultz,Mark-Schultz-133,https://www.sherdog.com/fighter/Mark-Schultz-133,39,review,false,"overlap 1/1, name=true, wt=false, exactName=1/2"
a629a5a8ee1236de,Rafael Carino,Rafael-Carino-131,https://www.sherdog.com/fighter/Rafael-Carino-131,39,review,false,"overlap 1/1, name=true, wt=false, exactName=1/1"
f492dd95ccba453d,Matt Andersen,Matt-Andersen-132,https://www.sherdog.com/fighter/Matt-Andersen-132,39,review,false,"overlap 1/1, name=true, wt=false, exactName=1/1"
b8fcb0ab380ad520,Zane Frazier,Zane-Frazier-18,https://www.sherdog.com/fighter/Zane-Frazier-18,39,review,false,"overlap 1/1, name=true, wt=false, exactName=1/1"
6f26acc85b150a0e,Paul Herrera,Paul-Herrera-130,https://www.sherdog.com/fighter/Paul-Herrera-130,39,review,false,"overlap 1/1, name=true, wt=false, exactName=1/2"
3903da7fff6720a5,Thomas Ramirez,Thomas-Ramirez-125,https://www.sherdog.com/fighter/Thomas-Ramirez-125,39,review,false,"overlap 1/1, name=true, wt=false, exactName=2/2"
970c368acd69943e,Keith Mielke,Keith-Mielke-123,https://www.sherdog.com/fighter/Keith-Mielke-123,39,review,false,"overlap 1/1, name=true, wt=false, exactName=1/1"
0b70d21ab19fcaca,Trent Jenkins,Trent-Jenkins-23,https://www.sherdog.com/fighter/Trent-Jenkins-23,39,review,false,"overlap 1/1, name=true, wt=false, exactName=1/1"
0005c8fea68363e8,Ryan Parker,Ryan-Parker-119,https://www.sherdog.com/fighter/Ryan-Parker-119,39,review,false,"overlap 1/1, name=true, wt=false, exactName=6/6"
1e715eea0424f387,Gerry Harris,Gerry-Harris-83,https://www.sherdog.com/fighter/Gerry-Harris-83,39,review,false,"overlap 1/1, name=true, wt=false, exactName=1/1"
9ac7975c66fd63f8,David Hood,David-Hood-1720,https://www.sherdog.com/fighter/David-Hood-1720,39,review,false,"overlap 1/1, name=true, wt=false, exactName=1/1"
663f1e790ed01a87,Onassis Parungao,Onassis-Parungao-116,https://www.sherdog.com/fighter/Onassis-Parungao-116,39,review,false,"overlap 1/1, name=true, wt=false, exactName=1/1"
d16d7ce6caa4a3e8,Francesco Maturi,Francesco-Maturi-117,https://www.sherdog.com/fighter/Francesco-Maturi-117,39,review,false,"overlap 1/1, name=true, wt=false, exactName=1/1"
b2ca704876db808f,Joel Sutton,Joel-Sutton-107,https://www.sherdog.com/fighter/Joel-Sutton-107,39,review,false,"overlap 1/2, name=true, wt=false, exactName=1/1"
970810642881ee67,Rudyard Moncayo,Rudyard-Moncayo-114,https://www.sherdog.com/fighter/Rudyard-Moncayo-114,39,review,false,"overlap 1/1, name=true, wt=false, exactName=1/1"
876e3db66144cb0d,John Matua,John-Matua-111,https://www.sherdog.com/fighter/John-Matua-111,39,review,false,"overlap 1/1, name=true, wt=false, exactName=1/1"
d602508d388d2752,He-Man Gipson,HeMan-Ali-Gipson-109,https://www.sherdog.com/fighter/HeMan-Ali-Gipson-109,14,review,false,"overlap 1/1, name=false, wt=false, exactName=0/1"
499b58fff2e108c2,Jack McGlaughlin,Frankie-McGlaughlin-270159,https://www.sherdog.com/fighter/Frankie-McGlaughlin-270159,0,reject,false,"overlap 0/1, name=false, wt=false, exactName=0/2, viaSurname"
95910ba64ef692fd,Ernie Verdicia,Ernie-Verdicia-63,https://www.sherdog.com/fighter/Ernie-Verdicia-63,39,review,false,"overlap 1/1, name=true, wt=false, exactName=1/1"
47076be1e235a221,Jon Hess,Jon-Hess-59,https://www.sherdog.com/fighter/Jon-Hess-59,39,review,false,"overlap 1/1, name=true, wt=false, exactName=1/1"
bb655da759d263aa,Andy Anderson,Andy-Anderson-60,https://www.sherdog.com/fighter/Andy-Anderson-60,39,review,false,"overlap 1/1, name=true, wt=false, exactName=4/5"
2563cc7c7360b29e,John Dowdy,John-Dowdy-58,https://www.sherdog.com/fighter/John-Dowdy-58,39,review,false,"overlap 1/1, name=true, wt=false, exactName=1/1"
99fbaf032ea51be4,Asbel Cancio,Asbel-Cancio-57,https://www.sherdog.com/fighter/Asbel-Cancio-57,39,review,false,"overlap 1/1, name=true, wt=false, exactName=1/1"
6ff9dc2ef47bd076,Melton Bowen,Melton-Bowen-51,https://www.sherdog.com/fighter/Melton-Bowen-51,39,review,false,"overlap 1/1, name=true, wt=false, exactName=1/1"
78b9cb9830d89448,Joe Son,Joe-Son-50,https://www.sherdog.com/fighter/Joe-Son-50,39,review,false,"overlap 1/1, name=true, wt=false, exactName=1/2"
f0939c6eb153bb6f,Ron van Clief,Ron-van-Clief-49,https://www.sherdog.com/fighter/Ron-van-Clief-49,39,review,false,"overlap 1/1, name=true, wt=false, exactName=1/1"
130bc2e8173eb659,Jason Fairn,Jason-Fairn-48,https://www.sherdog.com/fighter/Jason-Fairn-48,39,review,false,"overlap 1/1, name=true, wt=false, exactName=1/1"
fb7d65916e245b4b,Eldo Xavier Dias,Eldo-Dias-Xavier-55,https://www.sherdog.com/fighter/Eldo-Dias-Xavier-55,14,review,false,"overlap 1/1, name=false, wt=false, exactName=0/1"
92cecf698beaee00,Kevin Rosier,Kevin-Rosier-17,https://www.sherdog.com/fighter/Kevin-Rosier-17,39,review,false,"overlap 1/1, name=true, wt=false, exactName=1/1"
9608a0ac10c59064,Roland Payne,Roland-Payne-42,https://www.sherdog.com/fighter/Roland-Payne-42,39,review,false,"overlap 1/1, name=true, wt=false, exactName=1/1"
fee9bad1a2806d7c,Emmanuel Yarborough,Emmanuel-Yarborough-39,https://www.sherdog.com/fighter/Emmanuel-Yarborough-39,39,review,false,"overlap 1/1, name=true, wt=false, exactName=1/1"
d8fb4c609ed1dbdb,Fred Ettish,Fred-Ettish-36,https://www.sherdog.com/fighter/Fred-Ettish-36,39,review,false,"overlap 1/1, name=true, wt=false, exactName=1/1"
2c7ce739df8b489f,Minoki Ichihara,Minoki-Ichihara-35,https://www.sherdog.com/fighter/Minoki-Ichihara-35,39,review,false,"overlap 1/1, name=true, wt=false, exactName=1/1"
df301c8597b470ef,Scott Baker,Scott-Baker-34,https://www.sherdog.com/fighter/Scott-Baker-34,39,review,false,"overlap 1/1, name=true, wt=false, exactName=2/2"
821f24aa96075870,Alberta Cerra Leon,AJ-Leone-159709,https://www.sherdog.com/fighter/AJ-Leone-159709,0,reject,false,"overlap 0/1, name=false, wt=false, exactName=0/12, viaSurname"
ab4ee20a8631e28b,Robert Lucarelli,Robert-Lucarelli-32,https://www.sherdog.com/fighter/Robert-Lucarelli-32,39,review,false,"overlap 1/1, name=true, wt=false, exactName=1/1"
ee4788a48dcaa911,Frank Hamaker,Frank-Hamaker-29,https://www.sherdog.com/fighter/Frank-Hamaker-29,39,review,false,"overlap 1/1, name=true, wt=false, exactName=1/1"
ca8d202ae7619c27,Thaddeus Luster,Thaddeus-Luster-30,https://www.sherdog.com/fighter/Thaddeus-Luster-30,39,review,false,"overlap 1/1, name=true, wt=false, exactName=1/1"
693719210b8efe96,David Levicki,David-Levicki-28,https://www.sherdog.com/fighter/David-Levicki-28,39,review,false,"overlap 1/1, name=true, wt=false, exactName=1/1"
44a269d19331286a,Ray Wizard,Ray-Wizard-26,https://www.sherdog.com/fighter/Ray-Wizard-26,39,review,false,"overlap 1/1, name=true, wt=false, exactName=1/1"
93743772d01a8ff2,Sean Daugherty,Sean-Daugherty-25,https://www.sherdog.com/fighter/Sean-Daugherty-25,39,review,false,"overlap 1/1, name=true, wt=false, exactName=1/1"
